{"cameraMode":{"drawMode":0,"name":"Shaded","section":"Shading Mode"},"sceneLighting":true,"audioPlay":false,"sceneViewState":{"showFog":false,"showMaterialUpdate":false,"showSkybox":false,"showFlares":false,"showImageEffects":false,"showParticleSystems":false},"in2DMode":false,"pivot":{"x":1751.896728515625,"y":14.737716674804688,"z":-1606.704833984375},"rotation":{"x":-0.1660381406545639,"y":0.421161413192749,"z":-0.0787348747253418,"w":-0.8881815671920776},"size":506.10809326171877,"orthographic":false}