{"cameraMode":{"drawMode":0,"name":"Shaded","section":"Shading Mode"},"sceneLighting":false,"audioPlay":false,"sceneViewState":{"showFog":true,"showMaterialUpdate":false,"showSkybox":false,"showFlares":true,"showImageEffects":true,"showParticleSystems":true},"in2DMode":false,"pivot":{"x":-0.03614985942840576,"y":-0.4960850477218628,"z":-0.5834906101226807},"rotation":{"x":0.03465347737073898,"y":-0.9416581988334656,"z":0.3187568485736847,"w":0.10237915068864823},"size":3.457883834838867,"orthographic":false}