{"cameraMode":{"drawMode":0,"name":"Shaded","section":"Shading Mode"},"sceneLighting":true,"audioPlay":false,"sceneViewState":{"showFog":false,"showMaterialUpdate":false,"showSkybox":false,"showFlares":false,"showImageEffects":false,"showParticleSystems":false},"in2DMode":false,"pivot":{"x":-0.00005340576171875,"y":0.8770785331726074,"z":-0.027181096374988557},"rotation":{"x":-0.009899738244712353,"y":0.9846281409263611,"z":-0.05945468693971634,"w":-0.16396823525428773},"size":1.737818956375122,"orthographic":false}